schlafli,length,name,status,nDims,nFaces,nCubies,nStickers,nGrips,nVerts,nPolys,sumPolyVerts,maxVertsPerSticker,totalCuts,nNicePoints,circumRadius,buildMs,assetBytes,error
"{3,3,3}",1,"Simplex",OK,4,5,1,5,75,20,20,60,4,0,31,0.632456,22,12616,""
"{3,3,3}",2,"Simplex",OK,4,5,6,25,75,260,180,780,12,5,31,0.632456,14,18536,""
"{3,3,3}",3,"Simplex",OK,4,5,25,75,75,820,560,2460,12,10,31,0.632456,22,32496,""
"{3,3,3}",4,"Simplex",OK,4,5,70,170,75,1840,1260,5520,12,15,31,0.632456,59,58126,""
"{3,3,3}",5,"Simplex",OK,4,5,155,325,75,3460,2380,10380,12,20,31,0.632456,79,99056,""
"{3,3,3}",6,"Simplex",OK,4,5,295,555,75,5820,4020,17460,12,25,31,0.632456,70,158916,""
"{3,3,3}",7,"Simplex",OK,4,5,505,875,75,9060,6280,27180,12,30,31,0.632456,111,241336,""
"{3,3,3}",8,"Simplex",OK,4,5,800,1300,75,13320,9260,39960,12,35,31,0.632456,161,349946,""
"{3,3,3}",9,"Simplex",OK,4,5,1195,1845,75,18740,13060,56220,12,40,31,0.632456,233,488376,""
"{3}x{4}",1,"Triangular Duoprism",OK,4,7,1,7,165,48,38,144,8,0,63,1.825742,4,27306,""
"{3}x{4}",2,"Triangular Duoprism",OK,4,7,16,56,165,480,352,1440,10,7,63,1.825742,10,38726,""
"{3}x{4}",3,"Triangular Duoprism",OK,4,7,78,189,165,1656,1206,4968,12,14,63,1.825742,27,69694,""
"{3}x{4}",4,"Triangular Duoprism",OK,4,7,228,448,165,3936,2864,11808,12,21,63,1.825742,61,129750,""
"{3}x{4}",5,"Triangular Duoprism",OK,4,7,508,875,165,7680,5590,23040,12,28,63,1.825742,91,228434,""
"{3}x{4}",6,"Triangular Duoprism",OK,4,7,960,1512,165,13248,9648,39744,12,35,63,1.825742,167,375286,""
"{3}x{4}",7,"Triangular Duoprism",OK,4,7,1626,2401,165,21000,15302,63000,12,42,63,1.825742,265,579846,""
"{4,3,3}",1,"Hypercube",OK,4,8,1,8,216,64,48,192,8,0,81,2.000000,1,35616,""
"{4,3,3}",2,"Hypercube",OK,4,8,16,64,216,512,384,1536,8,8,81,2.000000,4,47776,""
"{4,3,3}",3,"Hypercube",OK,4,8,80,216,216,1728,1296,5184,8,16,81,2.000000,11,80672,""
"{4,3,3}",4,"Hypercube",OK,4,8,240,512,216,4096,3072,12288,8,24,81,2.000000,25,144672,""
"{4,3,3}",5,"Hypercube",OK,4,8,544,1000,216,8000,6000,24000,8,32,81,2.000000,45,250144,""
"{4,3,3}",6,"Hypercube",OK,4,8,1040,1728,216,13824,10368,41472,8,40,81,2.000000,86,407456,""
"{4,3,3}",7,"Hypercube",OK,4,8,1776,2744,216,21952,16464,65856,8,48,81,2.000000,139,626976,""
"{4,3,3}",8,"Hypercube",OK,4,8,2800,4096,216,32768,24576,98304,8,56,81,2.000000,220,919072,""
"{4,3,3}",9,"Hypercube",OK,4,8,4160,5832,216,46656,34992,139968,8,64,81,2.000000,407,1294112,""
"{5}x{4}",1,"Pentagonal Duoprism",OK,4,9,1,9,267,80,58,240,10,0,99,2.212335,2,43926,""
"{5}x{4}",2,"Pentagonal Duoprism",OK,4,9,44,128,267,1040,776,3120,10,9,99,2.212335,13,69858,""
"{5}x{4}",3,"Pentagonal Duoprism",OK,4,9,98,267,267,2160,1614,6480,10,13,99,2.212335,17,100070,""
"{5}x{4}",4,"Pentagonal Duoprism",OK,4,9,432,816,267,6560,4912,19680,10,22,99,2.212335,53,218882,""
"{5}x{4}",5,"Pentagonal Duoprism",OK,4,9,676,1245,267,10000,7490,30000,10,26,99,2.212335,54,311734,""
"{5}x{4}",6,"Pentagonal Duoprism",OK,4,9,1620,2544,267,20400,15288,61200,10,35,99,2.212335,171,592546,""
"{5}x{4}",7,"Pentagonal Duoprism",OK,4,9,2214,3423,267,27440,20566,82320,10,39,99,2.212335,173,782598,""
"{6}x{4}",1,"Hexagonal Duoprism",OK,4,10,1,10,318,96,68,288,12,0,117,2.449490,3,52236,""
"{6}x{4}",2,"Hexagonal Duoprism",OK,4,10,52,152,318,1248,928,3744,12,16,117,2.449490,12,83348,""
"{6}x{4}",3,"Hexagonal Duoprism",OK,4,10,116,318,318,2592,1932,7776,12,20,117,2.449490,15,119548,""
"{6}x{4}",4,"Hexagonal Duoprism",OK,4,10,516,976,318,7872,5888,23616,12,36,117,2.449490,63,262116,""
"{6}x{4}",5,"Hexagonal Duoprism",OK,4,10,808,1490,318,12000,8980,36000,12,40,117,2.449490,69,373484,""
"{6}x{4}",6,"Hexagonal Duoprism",OK,4,10,1940,3048,318,24480,18336,73440,12,56,117,2.449490,208,710452,""
"{6}x{4}",7,"Hexagonal Duoprism",OK,4,10,2652,4102,318,32928,24668,98784,12,60,117,2.449490,213,938460,""
"{7}x{4}",1,"Heptagonal Duoprism",OK,4,11,1,11,369,112,78,336,14,0,135,2.704060,3,60546,""
"{7}x{4}",2,"Heptagonal Duoprism",OK,4,11,60,176,369,1456,1080,4368,14,11,135,2.704060,14,96742,""
"{7}x{4}",3,"Heptagonal Duoprism",OK,4,11,134,369,369,3024,2250,9072,14,15,135,2.704060,17,138930,""
"{7}x{4}",4,"Heptagonal Duoprism",OK,4,11,600,1136,369,9184,6864,27552,14,26,135,2.704060,80,305158,""
"{7}x{4}",5,"Heptagonal Duoprism",OK,4,11,940,1735,369,14000,10470,42000,14,30,135,2.704060,87,435042,""
"{7}x{4}",6,"Heptagonal Duoprism",OK,4,11,2260,3552,369,28560,21384,85680,14,41,135,2.704060,235,828070,""
"{7}x{4}",7,"Heptagonal Duoprism",OK,4,11,3090,4781,369,38416,28770,115248,14,45,135,2.704060,236,1094034,""
"{8}x{4}",1,"Octagonal Duoprism",OK,4,12,1,12,420,128,88,384,16,0,153,2.971267,3,68856,""
"{8}x{4}",2,"Octagonal Duoprism",OK,4,12,68,200,420,1664,1232,4992,16,20,153,2.971267,16,110248,""
"{8}x{4}",3,"Octagonal Duoprism",OK,4,12,152,420,420,3456,2568,10368,16,24,153,2.971267,20,158424,""
"{8}x{4}",4,"Octagonal Duoprism",OK,4,12,684,1296,420,10496,7840,31488,16,44,153,2.971267,88,348424,""
"{8}x{4}",5,"Octagonal Duoprism",OK,4,12,1072,1980,420,16000,11960,48000,16,48,153,2.971267,92,496824,""
"{8}x{4}",6,"Octagonal Duoprism",OK,4,12,2580,4056,420,32640,24432,97920,16,68,153,2.971267,286,946024,""
"{8}x{4}",7,"Octagonal Duoprism",OK,4,12,3528,5460,420,43904,32872,131712,16,72,153,2.971267,265,1249944,""
"{9}x{4}",1,"Nonagonal Duoprism",OK,4,13,1,13,471,144,98,432,18,0,171,3.247866,4,77166,""
"{9}x{4}",2,"Nonagonal Duoprism",OK,4,13,76,224,471,1872,1384,5616,18,13,171,3.247866,17,123626,""
"{9}x{4}",3,"Nonagonal Duoprism",OK,4,13,170,471,471,3888,2886,11664,18,17,171,3.247866,22,177790,""
"{9}x{4}",4,"Nonagonal Duoprism",OK,4,13,768,1456,471,11808,8816,35424,18,30,171,3.247866,99,391434,""
"{9}x{4}",5,"Nonagonal Duoprism",OK,4,13,1204,2225,471,18000,13450,54000,18,34,171,3.247866,104,558350,""
"{9}x{4}",6,"Nonagonal Duoprism",OK,4,13,2900,4560,471,36720,27480,110160,18,47,171,3.247866,316,1063594,""
"{9}x{4}",7,"Nonagonal Duoprism",OK,4,13,3966,6139,471,49392,36974,148176,18,51,171,3.247866,316,1405470,""
"{10}x{4}",1,"Decagonal Duoprism",OK,4,14,1,14,522,160,108,480,20,0,189,3.531591,5,85476,""
"{10}x{4}",2,"Decagonal Duoprism",OK,4,14,84,248,522,2080,1536,6240,20,24,189,3.531591,20,137148,""
"{10}x{4}",3,"Decagonal Duoprism",OK,4,14,188,522,522,4320,3204,12960,20,28,189,3.531591,27,197300,""
"{10}x{4}",4,"Decagonal Duoprism",OK,4,14,852,1616,522,13120,9792,39360,20,52,189,3.531591,112,434732,""
"{10}x{4}",5,"Decagonal Duoprism",OK,4,14,1336,2470,522,20000,14940,60000,20,56,189,3.531591,116,620164,""
"{10}x{4}",6,"Decagonal Duoprism",OK,4,14,3220,5064,522,40800,30528,122400,20,80,189,3.531591,358,1181596,""
"{10}x{4}",7,"Decagonal Duoprism",OK,4,14,4404,6818,522,54880,41076,164640,20,84,189,3.531591,360,1561428,""
"{100}x{4}",1,"Onehundredagonal Duoprism",OK,4,104,1,104,5112,1600,1008,4800,200,0,1809,31.867620,217,833376,""
"{100}x{4}",3,"Onehundredagonal Duoprism",OK,4,104,1808,5112,5112,43200,31824,129600,200,208,1809,31.867620,526,1946720,""
"{3}x{3}",1,"",OK,4,6,1,6,126,36,30,108,6,0,49,1.632993,1,20926,""
"{3}x{3}",2,"",OK,4,6,15,48,126,432,312,1296,10,6,49,1.632993,6,31216,""
"{3}x{3}",3,"",OK,4,6,72,162,126,1512,1080,4536,12,12,49,1.632993,24,59164,""
"{3}x{3}",4,"",OK,4,6,207,384,126,3600,2568,10800,12,18,49,1.632993,60,113248,""
"{3}x{3}",5,"",OK,4,6,456,750,126,7020,5010,21060,12,24,49,1.632993,132,201946,""
"{3}x{3}",6,"",OK,4,6,855,1296,126,12096,8640,36288,12,30,49,1.632993,241,333736,""
"{3}x{3}",7,"",OK,4,6,1440,2058,126,19152,13692,57456,12,36,49,1.632993,416,517096,""
"{3}x{5}",1,"",OK,4,8,1,8,204,60,46,180,10,0,77,2.056152,2,33686,""
"{3}x{5}",2,"",OK,4,8,38,106,204,900,662,2700,10,8,77,2.056152,12,56010,""
"{3}x{5}",3,"",OK,4,8,96,234,204,2070,1503,6210,12,11,77,2.056152,23,86529,""
"{3}x{5}",4,"",OK,4,8,384,692,204,6000,4384,18000,12,19,77,2.056152,80,190708,""
"{3}x{5}",5,"",OK,4,8,632,1090,204,9600,6980,28800,12,22,77,2.056152,115,284812,""
"{3}x{5}",6,"",OK,4,8,1440,2178,204,18900,13806,56700,12,30,77,2.056152,270,531506,""
"{3}x{5}",7,"",OK,4,8,2028,2996,204,26250,19117,78750,12,33,77,2.056152,322,723935,""
"{5}x{10}",1,"",OK,4,15,1,15,645,200,130,600,20,0,231,3.656031,7,105366,""
"{5}x{10}",2,"",OK,4,15,165,430,645,3600,2660,10800,20,25,231,3.656031,43,196766,""
"{5}x{10}",3,"",OK,4,15,230,645,645,5400,3990,16200,20,25,231,3.656031,36,244766,""
"{5}x{5}",1,"",OK,4,10,1,10,330,100,70,300,10,0,121,2.406004,3,54166,""
"{5}x{5}",2,"",OK,4,10,85,220,330,1800,1340,5400,10,10,121,2.406004,19,99996,""
"{5}x{5}",3,"",OK,4,10,120,330,330,2700,2010,8100,10,10,121,2.406004,16,124146,""
"{5}x{5}",4,"",OK,4,10,705,1240,330,10000,7480,30000,10,20,121,2.406004,94,321176,""
"{5}x{5}",5,"",OK,4,10,840,1550,330,12500,9350,37500,10,20,121,2.406004,73,388526,""
"{5}x{5}",6,"",OK,4,10,2425,3660,330,29400,22020,88200,10,30,121,2.406004,297,844756,""
"{5}x{5}",7,"",OK,4,10,2760,4270,330,34300,25690,102900,10,30,121,2.406004,228,976906,""
"{6}x{6}",1,"",OK,4,12,1,12,468,144,96,432,12,0,169,2.828427,5,76576,""
"{6}x{6}",2,"",OK,4,12,120,312,468,2592,1920,7776,12,24,169,2.828427,30,142504,""
"{6}x{6}",3,"",OK,4,12,168,468,468,3888,2880,11664,12,24,169,2.828427,23,177136,""
"{6}x{6}",4,"",OK,4,12,1008,1776,468,14400,10752,43200,12,48,169,2.828427,142,460792,""
"{6}x{6}",5,"",OK,4,12,1200,2220,468,18000,13440,54000,12,48,169,2.828427,113,557632,""
"{6}x{6}",6,"",OK,4,12,3480,5256,468,42336,31680,127008,12,72,169,2.828427,421,1214536,""
"{6}x{6}",7,"",OK,4,12,3960,6132,468,49392,36960,148176,12,72,169,2.828427,351,1404688,""
"{7}x{7}",1,"",OK,4,14,1,14,630,196,126,588,14,0,225,3.259430,6,102846,""
"{7}x{7}",2,"",OK,4,14,161,420,630,3528,2604,10584,14,14,225,3.259430,42,192292,""
"{7}x{7}",3,"",OK,4,14,224,630,630,5292,3906,15876,14,14,225,3.259430,33,239290,""
"{7}x{7}",4,"",OK,4,14,1365,2408,630,19600,14616,58800,14,28,225,3.259430,212,625088,""
"{7}x{7}",5,"",OK,4,14,1624,3010,630,24500,18270,73500,14,28,225,3.259430,159,756758,""
"{7}x{7}",6,"",OK,4,14,4725,7140,630,57624,43092,172872,14,42,225,3.259430,638,1650588,""
"{8}x{8}",1,"",OK,4,16,1,16,816,256,160,768,16,0,289,3.695518,9,132976,""
"{8}x{8}",2,"",OK,4,16,208,544,816,4608,3392,13824,16,32,289,3.695518,57,249776,""
"{8}x{8}",3,"",OK,4,16,288,816,816,6912,5088,20736,16,32,289,3.695518,46,311024,""
"{8}x{8}",4,"",OK,4,16,1776,3136,816,25600,19072,76800,16,64,289,3.695518,279,814896,""
"{8}x{8}",5,"",OK,4,16,2112,3920,816,32000,23840,96000,16,64,289,3.695518,209,986736,""
"{9}x{9}",1,"",OK,4,18,1,18,1026,324,198,972,18,0,361,4.134884,13,166966,""
"{9}x{9}",2,"",OK,4,18,261,684,1026,5832,4284,17496,18,18,361,4.134884,79,314476,""
"{9}x{9}",3,"",OK,4,18,360,1026,1026,8748,6426,26244,18,18,361,4.134884,62,391858,""
"{9}x{9}",4,"",OK,4,18,2241,3960,1026,32400,24120,97200,18,36,361,4.134884,366,1029256,""
"{10}x{10}",1,"",OK,4,20,1,20,1260,400,240,1200,20,0,441,4.576491,18,204816,""
"{10}x{10}",2,"",OK,4,20,320,840,1260,7200,5280,21600,20,40,441,4.576491,99,386936,""
"{10}x{10}",3,"",OK,4,20,440,1260,1260,10800,7920,32400,20,40,441,4.576491,78,482336,""
"{5,3}x{}",1,"Dodecahedral Prism",OK,4,14,1,14,522,160,108,480,20,0,189,1.721489,6,85476,""
"{5,3}x{}",2,"Dodecahedral Prism",OK,4,14,126,390,522,3240,2400,9720,20,26,189,1.721489,28,168304,""
"{5,3}x{}",3,"Dodecahedral Prism",OK,4,14,188,522,522,4320,3204,12960,20,28,189,1.721489,27,197300,""
"{5,3}x{}",4,"Dodecahedral Prism",OK,4,14,1094,2098,522,17000,12696,51000,20,54,189,1.721489,134,539328,""
"{5,3}x{}",5,"Dodecahedral Prism",OK,4,14,1336,2470,522,20000,14940,60000,20,56,189,1.721489,124,620164,""
"{5,3}x{}",6,"Dodecahedral Prism",OK,4,14,3862,6086,522,49000,36672,147000,20,82,189,1.721489,431,1402832,""
"{5,3}x{}",7,"Dodecahedral Prism",OK,4,14,4404,6818,522,54880,41076,164640,20,84,189,1.721489,377,1561428,""
"{5,3,3}",1,"Hypermegaminx (BIG!)",OK,4,120,1,120,7560,2400,1440,7200,20,0,2641,3.702459,448,1228816,""
"{5,3,3}",2,"Hypermegaminx (BIG!)",OK,4,120,2640,7560,7560,64800,47520,194400,20,240,2641,3.702459,1457,2893936,""
"{5,3,3}",3,"Hypermegaminx (BIG!)",OK,4,120,2640,7560,7560,64800,47520,194400,20,240,2641,3.702459,1349,2893936,""
